adult,child
7.505693529294506,0.6311162929643285
7.573789533414797,0.6384903448549184
7.570962561864286,0.6589016222141005
7.644074762248557,0.6237848709930073
7.5861991377181655,0.6385039816525849
7.576143904908063,0.6381594225357878
