adult,child
6.8156879858757495,0.5509029045447986
6.763525000329393,0.5691094965771484
6.773288022352175,0.5701036110397498
6.762278873963771,0.581770001627172
6.772167932109418,0.5468094850386064
6.777389562926102,0.563739099765495
